﻿<?xml version="1.0" encoding="UTF-8"?>
<beans xmlns="http://www.springframework.org/schema/beans"
	xmlns:xsi="http://www.w3.org/2001/XMLSchema-instance" xmlns:context="http://www.springframework.org/schema/context"
	xmlns:aop="http://www.springframework.org/schema/aop"
	xsi:schemaLocation="
		http://www.springframework.org/schema/beans http://www.springframework.org/schema/beans/spring-beans-3.2.xsd
		http://www.springframework.org/schema/context http://www.springframework.org/schema/context/spring-context-3.2.xsd
		http://www.springframework.org/schema/aop http://www.springframework.org/schema/aop/spring-aop-3.0.xsd"
		>
    <!--四、注入形式的Aspcet切面 -->
    
   <!-- 目标类 -->
  <bean id="lina" class="com.soft.aop.ChenLliNa"/>
  <bean id ="sleepHelper" class="com.soft.aop.SleepHelper04"/>
    
  <aop:config> 
    <aop:aspect ref="sleepHelper"> 
       <aop:before method="beforeSleep" pointcut="execution(* *.sleep(..))"/> 
       <aop:after method="afterSleep" pointcut="execution(* *.sleep(..))"/> 
    </aop:aspect> 
  </aop:config> 
</beans>