﻿<?xml version="1.0" encoding="UTF-8"?>
<beans xmlns="http://www.springframework.org/schema/beans"
	xmlns:xsi="http://www.w3.org/2001/XMLSchema-instance" xmlns:context="http://www.springframework.org/schema/context"
	xmlns:jdbc="http://www.springframework.org/schema/jdbc" xmlns:jee="http://www.springframework.org/schema/jee"
	xmlns:tx="http://www.springframework.org/schema/tx"
	xsi:schemaLocation="
		http://www.springframework.org/schema/beans http://www.springframework.org/schema/beans/spring-beans-3.2.xsd
		http://www.springframework.org/schema/context http://www.springframework.org/schema/context/spring-context-3.2.xsd
		http://www.springframework.org/schema/jdbc http://www.springframework.org/schema/jdbc/spring-jdbc-3.2.xsd
		http://www.springframework.org/schema/jee http://www.springframework.org/schema/jee/spring-jee-3.2.xsd
		http://www.springframework.org/schema/tx http://www.springframework.org/schema/tx/spring-tx-3.2.xsd
		">


  
  <!--二、纯简单java对象切面 -->
<!--  纯简单java对象切面，就是相对于第一种配置，不需要使用代理，而是通过spring的内部机制去自动扫描-->
<!-- 创建一个增强 advice -->
<bean id ="sleepHelper" class="com.soft.aop.SleepHelper"/>
<!-- 目标类 -->
<bean id="lina" class="com.soft.aop.ChenLliNa"/>
  
<!-- 配置切点和通知-->
<bean id ="sleepAdvisor" class="org.springframework.aop.support.RegexpMethodPointcutAdvisor"> 
   <property name="advice" ref="sleepHelper"></property> 
   <property name="pattern" value=".*sleep"/> 
</bean> 
  
<!-- 自动代理配置 -->
<bean class="org.springframework.aop.framework.autoproxy.DefaultAdvisorAutoProxyCreator"/> 

</beans>