<?xml version="1.0" encoding="UTF-8" ?>
<!DOCTYPE mapper
        PUBLIC "-//mybatis.org//DTD Mapper 3.0//EN"
        "http://mybatis.org/dtd/mybatis-3-mapper.dtd">

<mapper namespace="com.soft.ccq.dao.EmpMapper">
    <select id="findDeptByEid" parameterType="String" resultMap="empMap">
			select * from tblemp m where   m.ename= #{ename}
	</select>
    <select id="deptMap" resultType="com.soft.ccq.entity.Dept" parameterType="Integer">
	 select * from dept where deptno =#{id}
 </select>
    <resultMap id="empMap" type="com.soft.ccq.entity.Emp">
        <association property="dept" column="deptno" javaType="com.soft.ccq.entity.Dept" select="deptMap"></association>

    </resultMap>

    <!--嵌套结果-->
    <select id="findDeptByDname" parameterType="String" resultMap="deptMap">
		select * from tblemp m
, dept d where m.deptno = d.deptno and d.dname = #{dname}
	</select>
    <resultMap id="deptMap" type="com.soft.ccq.entity.Dept">
        <id property="deptno" column="deptno"></id>
        <result property="dname" column="dname"></result>
        <collection property="empList" column="deptno" javaType="com.soft.ccq.entity.Emp">
            <id property="empno" column="empno"></id>
            <result property="ename" column="ename"></result>
        </collection>
    </resultMap>


</mapper>
 
 
 
 
 
 